,Timestamp
2020/04/28 4:03:11 pm CET,2
2020/03/24 12:59:02 pm CET,1
2020/05/19 11:29:38 am CET,1
2020/05/18 9:28:01 pm CET,1
2020/05/18 9:39:53 pm CET,1
2020/05/18 10:26:09 pm CET,1
2020/05/19 9:06:32 am CET,1
2020/05/19 9:10:34 am CET,1
2020/05/19 9:14:51 am CET,1
2020/05/19 9:32:06 am CET,1
2020/05/19 10:17:38 am CET,1
2020/05/19 10:28:28 am CET,1
2020/05/19 10:41:16 am CET,1
2020/05/19 11:13:58 am CET,1
2020/05/19 11:25:22 am CET,1
2020/05/19 11:31:35 am CET,1
2020/05/21 11:29:29 am CET,1
2020/05/19 11:49:02 am CET,1
2020/05/19 11:50:56 am CET,1
2020/05/19 11:53:48 am CET,1
2020/05/19 11:55:48 am CET,1
2020/05/19 12:03:17 pm CET,1
2020/05/19 12:03:41 pm CET,1
2020/05/19 12:05:03 pm CET,1
2020/05/19 12:41:44 pm CET,1
2020/05/19 1:06:11 pm CET,1
2020/05/19 1:13:06 pm CET,1
2020/05/19 1:27:21 pm CET,1
2020/05/19 1:27:43 pm CET,1
2020/05/18 9:24:50 pm CET,1
2020/05/18 9:23:17 pm CET,1
2020/05/18 8:38:33 pm CET,1
2020/05/18 5:55:36 pm CET,1
2020/05/18 2:32:34 pm CET,1
2020/05/18 2:40:57 pm CET,1
2020/05/18 3:09:43 pm CET,1
2020/05/18 3:15:35 pm CET,1
2020/05/18 3:25:26 pm CET,1
2020/05/18 3:29:00 pm CET,1
2020/05/18 3:33:24 pm CET,1
2020/05/18 3:33:30 pm CET,1
2020/05/18 3:44:56 pm CET,1
2020/05/18 4:22:10 pm CET,1
2020/05/18 5:39:00 pm CET,1
2020/05/18 5:49:06 pm CET,1
2020/05/18 5:55:42 pm CET,1
2020/05/18 8:34:41 pm CET,1
2020/05/18 6:18:30 pm CET,1
2020/05/18 6:23:59 pm CET,1
2020/05/18 6:32:43 pm CET,1
2020/05/18 6:54:49 pm CET,1
2020/05/18 7:16:14 pm CET,1
2020/05/18 7:17:38 pm CET,1
2020/05/18 7:19:49 pm CET,1
2020/05/18 7:31:20 pm CET,1
2020/05/18 8:05:22 pm CET,1
2020/05/18 8:05:32 pm CET,1
2020/05/18 8:25:34 pm CET,1
2020/05/18 8:31:26 pm CET,1
2020/05/19 1:46:32 pm CET,1
2020/05/19 2:15:53 pm CET,1
2020/05/19 2:21:05 pm CET,1
2020/05/20 12:21:23 pm CET,1
2020/05/20 9:51:44 am CET,1
2020/05/20 10:10:38 am CET,1
2020/05/20 10:14:20 am CET,1
2020/05/20 10:33:52 am CET,1
2020/05/20 11:05:57 am CET,1
2020/05/20 11:27:05 am CET,1
2020/05/20 11:28:36 am CET,1
2020/05/20 11:31:15 am CET,1
2020/05/20 11:40:48 am CET,1
2020/05/20 11:56:08 am CET,1
2020/05/20 11:59:20 am CET,1
2020/05/20 12:08:28 pm CET,1
2020/05/20 1:46:06 pm CET,1
2020/05/20 8:47:48 am CET,1
2020/05/20 2:02:57 pm CET,1
2020/05/20 3:45:30 pm CET,1
2020/05/20 3:46:08 pm CET,1
2020/05/20 4:10:14 pm CET,1
2020/05/20 4:33:38 pm CET,1
2020/05/20 5:48:36 pm CET,1
2020/05/20 6:22:21 pm CET,1
2020/05/20 8:59:42 pm CET,1
2020/05/20 10:09:45 pm CET,1
2020/05/21 8:46:01 am CET,1
2020/05/21 9:58:37 am CET,1
2020/05/21 10:52:37 am CET,1
2020/05/20 8:53:58 am CET,1
2020/05/19 11:47:15 pm CET,1
2020/05/19 2:29:34 pm CET,1
2020/05/19 4:04:02 pm CET,1
2020/05/19 2:37:49 pm CET,1
2020/05/19 2:38:33 pm CET,1
2020/05/19 2:38:56 pm CET,1
2020/05/19 2:43:57 pm CET,1
2020/05/19 2:46:23 pm CET,1
2020/05/19 3:00:18 pm CET,1
2020/05/19 3:03:08 pm CET,1
2020/05/19 3:09:09 pm CET,1
2020/05/19 3:17:03 pm CET,1
2020/05/19 3:28:54 pm CET,1
2020/05/19 3:33:13 pm CET,1
2020/05/19 3:44:11 pm CET,1
2020/05/19 4:04:17 pm CET,1
2020/05/19 10:28:59 pm CET,1
2020/05/19 4:07:18 pm CET,1
2020/05/19 4:14:33 pm CET,1
2020/05/19 4:36:18 pm CET,1
2020/05/19 5:52:32 pm CET,1
2020/05/19 6:03:20 pm CET,1
2020/05/19 6:16:43 pm CET,1
2020/05/19 6:56:59 pm CET,1
2020/05/19 7:48:32 pm CET,1
2020/05/19 7:55:41 pm CET,1
2020/05/19 7:55:50 pm CET,1
2020/05/19 8:12:45 pm CET,1
2020/05/19 8:46:42 pm CET,1
2020/05/18 2:25:15 pm CET,1
2020/05/18 1:37:42 pm CET,1
2020/05/18 1:33:55 pm CET,1
2020/05/15 1:45:56 pm CET,1
2020/05/15 11:30:58 am CET,1
2020/05/15 11:32:52 am CET,1
2020/05/15 11:38:06 am CET,1
2020/05/15 11:39:03 am CET,1
2020/05/15 12:05:24 pm CET,1
2020/05/15 12:09:49 pm CET,1
2020/05/15 12:19:51 pm CET,1
2020/05/15 12:40:49 pm CET,1
2020/05/15 12:42:21 pm CET,1
2020/05/15 1:16:30 pm CET,1
2020/05/15 1:30:13 pm CET,1
2020/05/15 1:45:15 pm CET,1
2020/05/15 2:00:24 pm CET,1
2020/05/15 11:17:11 am CET,1
2020/05/15 2:26:55 pm CET,1
2020/05/15 2:33:45 pm CET,1
2020/05/15 2:52:11 pm CET,1
2020/05/15 2:53:45 pm CET,1
2020/05/15 2:54:06 pm CET,1
2020/05/15 2:59:54 pm CET,1
2020/05/15 3:02:05 pm CET,1
2020/05/15 3:02:32 pm CET,1
2020/05/15 3:04:31 pm CET,1
2020/05/15 3:09:07 pm CET,1
2020/05/15 3:14:17 pm CET,1
2020/05/15 3:23:05 pm CET,1
2020/05/15 11:27:43 am CET,1
2020/05/15 11:11:42 am CET,1
2020/05/15 3:28:44 pm CET,1
2020/05/14 7:27:17 pm CET,1
2020/05/14 1:45:28 pm CET,1
2020/05/14 1:47:02 pm CET,1
2020/05/14 2:02:38 pm CET,1
2020/05/14 3:07:16 pm CET,1
2020/05/14 3:46:44 pm CET,1
2020/05/14 3:54:26 pm CET,1
2020/05/14 4:55:47 pm CET,1
2020/05/14 5:00:56 pm CET,1
2020/05/14 6:18:53 pm CET,1
2020/05/14 6:26:05 pm CET,1
2020/05/14 6:53:37 pm CET,1
2020/05/14 7:19:19 pm CET,1
2020/05/14 8:02:20 pm CET,1
2020/05/15 11:02:21 am CET,1
2020/05/14 9:34:31 pm CET,1
2020/05/15 9:15:04 am CET,1
2020/05/15 9:48:47 am CET,1
2020/05/15 10:13:56 am CET,1
2020/05/15 10:16:46 am CET,1
2020/05/15 10:18:12 am CET,1
2020/05/15 10:25:26 am CET,1
2020/05/15 10:29:57 am CET,1
2020/05/15 10:54:55 am CET,1
2020/05/15 11:00:14 am CET,1
2020/05/15 11:00:19 am CET,1
2020/05/15 11:02:17 am CET,1
2020/05/15 3:28:14 pm CET,1
2020/05/15 3:30:13 pm CET,1
2020/05/18 1:21:11 pm CET,1
2020/05/18 10:03:12 am CET,1
2020/05/17 12:21:38 pm CET,1
2020/05/17 12:38:37 pm CET,1
2020/05/17 1:51:18 pm CET,1
2020/05/17 4:44:34 pm CET,1
2020/05/17 7:30:42 pm CET,1
2020/05/17 9:14:58 pm CET,1
2020/05/18 6:08:00 am CET,1
2020/05/18 8:09:16 am CET,1
2020/05/18 8:44:24 am CET,1
2020/05/18 9:06:51 am CET,1
2020/05/18 9:51:38 am CET,1
2020/05/18 10:01:24 am CET,1
2020/05/18 10:24:18 am CET,1
2020/05/17 10:50:07 am CET,1
2020/05/18 10:33:59 am CET,1
2020/05/18 10:44:09 am CET,1
2020/05/18 10:53:53 am CET,1
2020/05/18 10:54:24 am CET,1
2020/05/18 11:12:41 am CET,1
2020/05/18 11:35:40 am CET,1
2020/05/18 11:35:58 am CET,1
2020/05/18 11:49:47 am CET,1
2020/05/18 12:16:55 pm CET,1
2020/05/18 12:18:44 pm CET,1
2020/05/18 12:55:41 pm CET,1
2020/05/18 1:13:55 pm CET,1
2020/05/17 11:24:09 am CET,1
2020/05/17 12:15:01 am CET,1
2020/05/15 3:31:45 pm CET,1
2020/05/15 7:43:39 pm CET,1
2020/05/15 3:33:57 pm CET,1
2020/05/15 3:35:20 pm CET,1
2020/05/15 3:40:23 pm CET,1
2020/05/15 3:52:14 pm CET,1
2020/05/15 3:53:38 pm CET,1
2020/05/15 4:34:16 pm CET,1
2020/05/15 4:58:37 pm CET,1
2020/05/15 5:38:48 pm CET,1
2020/05/15 5:41:38 pm CET,1
2020/05/15 5:43:50 pm CET,1
2020/05/15 6:25:59 pm CET,1
2020/05/15 7:32:01 pm CET,1
2020/05/15 8:58:39 pm CET,1
2020/05/16 6:04:48 pm CET,1
2020/05/15 9:03:53 pm CET,1
2020/05/15 10:28:23 pm CET,1
2020/05/15 10:33:30 pm CET,1
2020/05/16 12:54:56 am CET,1
2020/05/16 9:15:47 am CET,1
2020/05/16 9:46:14 am CET,1
2020/05/16 10:51:06 am CET,1
2020/05/16 11:40:09 am CET,1
2020/05/16 12:23:36 pm CET,1
2020/05/16 12:24:33 pm CET,1
2020/05/16 3:41:52 pm CET,1
2020/05/16 5:42:36 pm CET,1
2020/05/21 11:25:52 am CET,1
2020/05/21 11:39:23 am CET,1
2020/05/14 12:39:34 pm CET,1
2020/06/06 2:11:49 pm CET,1
2020/06/05 8:27:20 pm CET,1
2020/06/05 8:30:18 pm CET,1
2020/06/05 10:14:43 pm CET,1
2020/06/05 10:51:03 pm CET,1
2020/06/06 12:04:46 am CET,1
2020/06/06 5:38:33 am CET,1
2020/06/06 11:12:08 am CET,1
2020/06/06 11:14:20 am CET,1
2020/06/06 11:15:05 am CET,1
2020/06/06 12:32:14 pm CET,1
2020/06/06 1:36:06 pm CET,1
2020/06/06 1:50:08 pm CET,1
2020/06/06 3:46:22 pm CET,1
2020/06/05 8:15:43 pm CET,1
2020/06/06 4:43:29 pm CET,1
2020/06/06 7:50:10 pm CET,1
2020/06/06 8:35:03 pm CET,1
2020/06/07 9:59:08 am CET,1
2020/06/07 1:22:08 pm CET,1
2020/06/07 1:25:42 pm CET,1
2020/06/07 1:55:19 pm CET,1
2020/06/07 3:06:28 pm CET,1
2020/06/07 4:51:46 pm CET,1
2020/06/07 10:02:56 pm CET,1
2020/06/08 8:24:57 am CET,1
2020/06/08 9:16:33 am CET,1
2020/06/05 8:22:45 pm CET,1
2020/06/05 7:56:58 pm CET,1
2020/06/08 9:19:58 am CET,1
2020/06/05 4:57:46 pm CET,1
2020/06/05 3:48:02 pm CET,1
2020/06/05 3:50:57 pm CET,1
2020/06/05 4:02:17 pm CET,1
2020/06/05 4:05:44 pm CET,1
2020/06/05 4:18:31 pm CET,1
2020/06/05 4:28:57 pm CET,1
2020/06/05 4:39:16 pm CET,1
2020/06/05 4:39:48 pm CET,1
2020/06/05 4:43:16 pm CET,1
2020/06/05 4:44:55 pm CET,1
2020/06/05 4:51:09 pm CET,1
2020/06/05 4:52:00 pm CET,1
2020/06/05 5:01:57 pm CET,1
2020/06/05 7:53:54 pm CET,1
2020/06/05 5:15:13 pm CET,1
2020/06/05 5:28:58 pm CET,1
2020/06/05 5:54:32 pm CET,1
2020/06/05 6:03:04 pm CET,1
2020/06/05 6:42:21 pm CET,1
2020/06/05 6:46:36 pm CET,1
2020/06/05 6:47:25 pm CET,1
2020/06/05 6:48:03 pm CET,1
2020/06/05 6:58:56 pm CET,1
2020/06/05 7:00:05 pm CET,1
2020/06/05 7:07:41 pm CET,1
2020/06/05 7:39:29 pm CET,1
2020/06/08 9:17:25 am CET,1
2020/06/08 9:26:08 am CET,1
2020/06/05 3:39:38 pm CET,1
2020/06/08 2:51:16 pm CET,1
2020/06/08 12:41:49 pm CET,1
2020/06/08 12:49:40 pm CET,1
2020/06/08 1:00:18 pm CET,1
2020/06/08 1:03:50 pm CET,1
2020/06/08 1:04:09 pm CET,1
2020/06/08 1:06:39 pm CET,1
2020/06/08 1:09:25 pm CET,1
2020/06/08 1:33:23 pm CET,1
2020/06/08 2:00:48 pm CET,1
2020/06/08 2:24:37 pm CET,1
2020/06/08 2:27:41 pm CET,1
2020/06/08 2:32:53 pm CET,1
2020/06/08 2:55:21 pm CET,1
2020/06/08 12:16:32 pm CET,1
2020/06/08 3:10:38 pm CET,1
2020/06/08 3:14:23 pm CET,1
2020/06/08 4:38:31 pm CET,1
2020/06/08 5:15:00 pm CET,1
2020/06/08 5:22:15 pm CET,1
2020/06/08 6:01:03 pm CET,1
2020/06/08 6:46:40 pm CET,1
2020/06/08 6:52:16 pm CET,1
2020/06/08 6:57:19 pm CET,1
2020/06/08 7:00:29 pm CET,1
2020/06/08 7:16:23 pm CET,1
2020/06/08 7:20:19 pm CET,1
2020/06/08 12:32:01 pm CET,1
2020/06/08 12:01:49 pm CET,1
2020/06/08 9:28:16 am CET,1
2020/06/08 10:34:52 am CET,1
2020/06/08 9:32:53 am CET,1
2020/06/08 9:45:19 am CET,1
2020/06/08 9:54:23 am CET,1
2020/06/08 9:55:53 am CET,1
2020/06/08 10:01:42 am CET,1
2020/06/08 10:12:12 am CET,1
2020/06/08 10:13:12 am CET,1
2020/06/08 10:14:31 am CET,1
2020/06/08 10:19:37 am CET,1
2020/06/08 10:20:43 am CET,1
2020/06/08 10:22:01 am CET,1
2020/06/08 10:23:22 am CET,1
2020/06/08 10:37:33 am CET,1
2020/06/08 11:51:12 am CET,1
2020/06/08 10:40:23 am CET,1
2020/06/08 10:43:30 am CET,1
2020/06/08 10:45:25 am CET,1
2020/06/08 10:51:46 am CET,1
2020/06/08 11:04:55 am CET,1
2020/06/08 11:11:53 am CET,1
2020/06/08 11:17:39 am CET,1
2020/06/08 11:20:16 am CET,1
2020/06/08 11:22:03 am CET,1
2020/06/08 11:22:09 am CET,1
2020/06/08 11:31:48 am CET,1
2020/06/08 11:35:35 am CET,1
2020/06/05 3:45:39 pm CET,1
2020/06/05 3:37:42 pm CET,1
2020/05/21 12:00:59 pm CET,1
2020/06/02 3:19:53 pm CET,1
2020/05/27 11:41:32 am CET,1
2020/05/28 8:45:32 am CET,1
2020/05/28 3:27:45 pm CET,1
2020/05/28 4:19:59 pm CET,1
2020/05/28 11:29:04 pm CET,1
2020/06/01 11:18:38 am CET,1
2020/06/01 2:20:19 pm CET,1
2020/06/01 8:22:31 pm CET,1
2020/06/02 9:46:36 am CET,1
2020/06/02 10:50:48 am CET,1
2020/06/02 1:16:46 pm CET,1
2020/06/02 3:16:45 pm CET,1
2020/06/02 4:58:59 pm CET,1
2020/05/24 4:43:05 pm CET,1
2020/06/02 8:34:45 pm CET,1
2020/06/02 9:40:06 pm CET,1
2020/06/03 8:48:15 am CET,1
2020/06/03 10:03:25 am CET,1
2020/06/03 10:18:37 am CET,1
2020/06/03 10:37:26 am CET,1
2020/06/03 11:02:47 am CET,1
2020/06/03 11:05:11 am CET,1
2020/06/03 11:05:49 am CET,1
2020/06/03 11:27:00 am CET,1
2020/06/03 12:04:20 pm CET,1
2020/06/03 12:11:12 pm CET,1
2020/05/25 5:17:36 pm CET,1
2020/05/23 1:39:11 pm CET,1
2020/06/03 1:13:39 pm CET,1
2020/05/22 9:30:14 am CET,1
2020/05/21 12:54:58 pm CET,1
2020/05/21 1:20:47 pm CET,1
2020/05/21 1:35:46 pm CET,1
2020/05/21 3:37:00 pm CET,1
2020/05/21 4:15:56 pm CET,1
2020/05/21 6:23:25 pm CET,1
2020/05/21 6:30:33 pm CET,1
2020/05/21 8:04:19 pm CET,1
2020/05/21 8:59:45 pm CET,1
2020/05/21 9:00:35 pm CET,1
2020/05/21 10:33:30 pm CET,1
2020/05/22 8:41:43 am CET,1
2020/05/22 9:50:44 am CET,1
2020/05/23 10:15:28 am CET,1
2020/05/22 9:58:10 am CET,1
2020/05/22 10:11:55 am CET,1
2020/05/22 11:12:41 am CET,1
2020/05/22 11:12:58 am CET,1
2020/05/22 1:10:48 pm CET,1
2020/05/22 2:55:49 pm CET,1
2020/05/22 3:25:35 pm CET,1
2020/05/22 4:44:42 pm CET,1
2020/05/22 4:53:14 pm CET,1
2020/05/22 7:58:02 pm CET,1
2020/05/22 8:02:03 pm CET,1
2020/05/22 11:51:58 pm CET,1
2020/06/03 12:22:00 pm CET,1
2020/06/03 1:42:31 pm CET,1
2020/06/05 3:32:29 pm CET,1
2020/06/05 1:53:45 pm CET,1
2020/06/05 7:49:52 am CET,1
2020/06/05 9:39:19 am CET,1
2020/06/05 10:22:40 am CET,1
2020/06/05 12:37:38 pm CET,1
2020/06/05 12:56:55 pm CET,1
2020/06/05 1:04:26 pm CET,1
2020/06/05 1:08:56 pm CET,1
2020/06/05 1:11:51 pm CET,1
2020/06/05 1:19:01 pm CET,1
2020/06/05 1:23:18 pm CET,1
2020/06/05 1:32:40 pm CET,1
2020/06/05 1:44:47 pm CET,1
2020/06/05 1:54:04 pm CET,1
2020/06/04 7:49:53 pm CET,1
2020/06/05 1:58:35 pm CET,1
2020/06/05 2:03:26 pm CET,1
2020/06/05 2:08:30 pm CET,1
2020/06/05 2:24:29 pm CET,1
2020/06/05 2:25:36 pm CET,1
2020/06/05 2:26:20 pm CET,1
2020/06/05 3:19:57 pm CET,1
2020/06/05 3:20:54 pm CET,1
2020/06/05 3:21:34 pm CET,1
2020/06/05 3:25:04 pm CET,1
2020/06/05 3:29:36 pm CET,1
2020/06/05 3:31:50 pm CET,1
2020/06/04 9:09:59 pm CET,1
2020/06/04 7:02:50 pm CET,1
2020/06/03 1:51:24 pm CET,1
2020/06/04 10:27:17 am CET,1
2020/06/03 2:32:16 pm CET,1
2020/06/03 2:57:19 pm CET,1
2020/06/03 3:36:46 pm CET,1
2020/06/03 4:16:59 pm CET,1
2020/06/03 4:17:33 pm CET,1
2020/06/03 5:56:40 pm CET,1
2020/06/03 6:09:31 pm CET,1
2020/06/03 6:37:20 pm CET,1
2020/06/03 8:32:57 pm CET,1
2020/06/04 9:11:54 am CET,1
2020/06/04 9:38:28 am CET,1
2020/06/04 9:48:39 am CET,1
2020/06/04 10:33:19 am CET,1
2020/06/04 5:24:10 pm CET,1
2020/06/04 10:41:39 am CET,1
2020/06/04 10:52:08 am CET,1
2020/06/04 11:34:12 am CET,1
2020/06/04 1:08:14 pm CET,1
2020/06/04 3:05:59 pm CET,1
2020/06/04 3:16:38 pm CET,1
2020/06/04 4:23:54 pm CET,1
2020/06/04 4:53:33 pm CET,1
2020/06/04 5:05:02 pm CET,1
2020/06/04 5:10:00 pm CET,1
2020/06/04 5:10:18 pm CET,1
2020/06/04 5:19:15 pm CET,1
2020/05/14 12:57:25 pm CET,1
2020/05/14 12:29:18 pm CET,1
2020/04/01 7:57:06 pm CET,1
2020/04/28 3:51:23 pm CET,1
2020/04/28 1:18:14 pm CET,1
2020/04/28 1:29:03 pm CET,1
2020/04/28 2:09:00 pm CET,1
2020/04/28 2:15:56 pm CET,1
2020/04/28 2:24:59 pm CET,1
2020/04/28 3:02:35 pm CET,1
2020/04/28 3:12:18 pm CET,1
2020/04/28 3:18:39 pm CET,1
2020/04/28 3:29:49 pm CET,1
2020/04/28 3:39:55 pm CET,1
2020/04/28 3:40:47 pm CET,1
2020/04/28 3:44:35 pm CET,1
2020/04/28 4:01:45 pm CET,1
2020/04/28 1:05:48 pm CET,1
2020/04/28 4:10:47 pm CET,1
2020/04/28 4:17:20 pm CET,1
2020/04/28 4:23:23 pm CET,1
2020/04/28 4:36:01 pm CET,1
2020/04/28 4:56:52 pm CET,1
2020/04/28 5:11:05 pm CET,1
2020/04/28 5:29:11 pm CET,1
2020/04/28 5:42:00 pm CET,1
2020/04/28 6:12:00 pm CET,1
2020/04/28 6:33:20 pm CET,1
2020/04/29 7:07:47 am CET,1
2020/04/29 8:46:51 am CET,1
2020/04/28 1:17:33 pm CET,1
2020/04/28 12:25:19 pm CET,1
2020/04/29 9:23:54 am CET,1
2020/04/27 7:06:20 pm CET,1
2020/04/27 4:16:47 pm CET,1
2020/04/27 4:20:43 pm CET,1
2020/04/27 4:22:38 pm CET,1
2020/04/27 4:24:47 pm CET,1
2020/04/27 4:25:22 pm CET,1
2020/04/27 4:27:14 pm CET,1
2020/04/27 4:27:23 pm CET,1
2020/04/27 4:30:43 pm CET,1
2020/04/27 4:37:28 pm CET,1
2020/04/27 4:52:00 pm CET,1
2020/04/27 5:49:30 pm CET,1
2020/04/27 5:51:00 pm CET,1
2020/04/27 7:10:00 pm CET,1
2020/04/28 12:10:36 pm CET,1
2020/04/27 7:21:06 pm CET,1
2020/04/27 7:40:22 pm CET,1
2020/04/27 7:50:51 pm CET,1
2020/04/27 7:53:52 pm CET,1
2020/04/27 8:09:55 pm CET,1
2020/04/27 8:27:50 pm CET,1
2020/04/27 9:01:45 pm CET,1
2020/04/28 9:32:06 am CET,1
2020/04/28 10:17:36 am CET,1
2020/04/28 10:18:03 am CET,1
2020/04/28 11:58:55 am CET,1
2020/04/28 12:00:29 pm CET,1
2020/04/29 8:50:02 am CET,1
2020/04/29 9:31:00 am CET,1
2020/04/27 3:51:53 pm CET,1
2020/04/30 7:25:47 pm CET,1
2020/04/30 11:18:47 am CET,1
2020/04/30 11:28:21 am CET,1
2020/04/30 12:05:04 pm CET,1
2020/04/30 1:03:37 pm CET,1
2020/04/30 1:26:03 pm CET,1
2020/04/30 2:21:10 pm CET,1
2020/04/30 2:26:19 pm CET,1
2020/04/30 2:28:25 pm CET,1
2020/04/30 2:41:37 pm CET,1
2020/04/30 4:39:08 pm CET,1
2020/04/30 6:27:23 pm CET,1
2020/04/30 6:33:22 pm CET,1
2020/05/01 8:33:31 am CET,1
2020/04/30 10:54:50 am CET,1
2020/05/01 9:24:14 am CET,1
2020/05/01 9:25:20 am CET,1
2020/05/01 9:27:51 am CET,1
2020/05/01 9:34:27 am CET,1
2020/05/01 9:44:50 am CET,1
2020/05/01 9:47:44 am CET,1
2020/05/01 9:56:00 am CET,1
2020/05/01 10:09:48 am CET,1
2020/05/01 10:17:35 am CET,1
2020/05/01 10:20:45 am CET,1
2020/05/01 10:20:54 am CET,1
2020/05/01 10:40:35 am CET,1
2020/04/30 11:03:45 am CET,1
2020/04/30 10:45:27 am CET,1
2020/04/29 10:30:40 am CET,1
2020/04/29 3:14:35 pm CET,1
2020/04/29 11:10:11 am CET,1
2020/04/29 11:33:12 am CET,1
2020/04/29 11:52:08 am CET,1
2020/04/29 12:12:24 pm CET,1
2020/04/29 12:44:18 pm CET,1
2020/04/29 12:45:59 pm CET,1
2020/04/29 1:17:32 pm CET,1
2020/04/29 1:48:34 pm CET,1
2020/04/29 1:56:50 pm CET,1
2020/04/29 2:38:18 pm CET,1
2020/04/29 3:07:49 pm CET,1
2020/04/29 3:09:57 pm CET,1
2020/04/29 3:14:55 pm CET,1
2020/04/30 10:35:01 am CET,1
2020/04/29 3:34:58 pm CET,1
2020/04/29 4:20:38 pm CET,1
2020/04/29 5:22:55 pm CET,1
2020/04/29 5:53:42 pm CET,1
2020/04/29 6:17:55 pm CET,1
2020/04/29 8:27:35 pm CET,1
2020/04/29 8:35:17 pm CET,1
2020/04/29 9:54:08 pm CET,1
2020/04/30 8:12:03 am CET,1
2020/04/30 9:00:47 am CET,1
2020/04/30 9:39:27 am CET,1
2020/04/30 9:53:02 am CET,1
2020/04/27 4:04:02 pm CET,1
2020/04/27 3:43:20 pm CET,1
2020/05/14 12:14:45 pm CET,1
2020/04/24 1:48:23 pm CET,1
2020/04/24 12:39:13 pm CET,1
2020/04/24 12:48:25 pm CET,1
2020/04/24 12:57:57 pm CET,1
2020/04/24 1:00:29 pm CET,1
2020/04/24 1:00:53 pm CET,1
2020/04/24 1:08:20 pm CET,1
2020/04/24 1:13:44 pm CET,1
2020/04/24 1:17:51 pm CET,1
2020/04/24 1:19:20 pm CET,1
2020/04/24 1:19:50 pm CET,1
2020/04/24 1:29:30 pm CET,1
2020/04/24 1:39:02 pm CET,1
2020/04/24 2:32:47 pm CET,1
2020/04/24 12:18:57 pm CET,1
2020/04/24 2:45:00 pm CET,1
2020/04/24 2:58:01 pm CET,1
2020/04/24 3:23:39 pm CET,1
2020/04/24 3:42:42 pm CET,1
2020/04/24 4:48:52 pm CET,1
2020/04/24 6:29:26 pm CET,1
2020/04/24 7:22:43 pm CET,1
2020/04/24 7:29:03 pm CET,1
2020/04/24 7:30:11 pm CET,1
2020/04/24 7:35:16 pm CET,1
2020/04/25 10:08:15 am CET,1
2020/04/25 10:56:37 am CET,1
2020/04/24 12:36:38 pm CET,1
2020/04/24 12:09:46 pm CET,1
2020/04/25 12:22:36 pm CET,1
2020/04/23 6:13:18 pm CET,1
2020/04/20 7:04:56 am CET,1
2020/04/23 10:54:10 am CET,1
2020/04/23 11:11:01 am CET,1
2020/04/23 11:41:50 am CET,1
2020/04/23 12:34:07 pm CET,1
2020/04/23 12:47:22 pm CET,1
2020/04/23 1:42:35 pm CET,1
2020/04/23 1:49:59 pm CET,1
2020/04/23 1:57:32 pm CET,1
2020/04/23 2:44:28 pm CET,1
2020/04/23 2:56:33 pm CET,1
2020/04/23 4:42:50 pm CET,1
2020/04/23 6:22:29 pm CET,1
2020/04/24 11:55:29 am CET,1
2020/04/23 6:56:50 pm CET,1
2020/04/23 8:54:42 pm CET,1
2020/04/23 9:20:37 pm CET,1
2020/04/24 10:43:23 am CET,1
2020/04/24 10:43:41 am CET,1
2020/04/24 10:44:25 am CET,1
2020/04/24 10:55:53 am CET,1
2020/04/24 11:08:06 am CET,1
2020/04/24 11:25:01 am CET,1
2020/04/24 11:28:58 am CET,1
2020/04/24 11:39:37 am CET,1
2020/04/24 11:48:09 am CET,1
2020/04/25 12:17:01 pm CET,1
2020/04/25 4:57:47 pm CET,1
2020/04/27 3:40:23 pm CET,1
2020/04/27 1:33:17 pm CET,1
2020/04/27 12:04:21 pm CET,1
2020/04/27 12:12:20 pm CET,1
2020/04/27 12:14:21 pm CET,1
2020/04/27 12:25:09 pm CET,1
2020/04/27 12:34:30 pm CET,1
2020/04/27 12:34:53 pm CET,1
2020/04/27 12:38:39 pm CET,1
2020/04/27 12:54:06 pm CET,1
2020/04/27 1:05:48 pm CET,1
2020/04/27 1:08:58 pm CET,1
2020/04/27 1:11:29 pm CET,1
2020/04/27 1:32:00 pm CET,1
2020/04/27 1:34:55 pm CET,1
2020/04/27 11:44:34 am CET,1
2020/04/27 1:40:21 pm CET,1
2020/04/27 1:40:33 pm CET,1
2020/04/27 1:40:36 pm CET,1
2020/04/27 1:49:06 pm CET,1
2020/04/27 2:10:01 pm CET,1
2020/04/27 2:53:43 pm CET,1
2020/04/27 2:55:21 pm CET,1
2020/04/27 3:01:08 pm CET,1
2020/04/27 3:08:46 pm CET,1
2020/04/27 3:11:03 pm CET,1
2020/04/27 3:19:52 pm CET,1
2020/04/27 3:20:51 pm CET,1
2020/04/27 11:52:54 am CET,1
2020/04/27 11:33:37 am CET,1
2020/04/25 5:55:27 pm CET,1
2020/04/27 10:44:44 am CET,1
2020/04/26 10:15:41 am CET,1
2020/04/27 8:28:12 am CET,1
2020/04/27 8:48:18 am CET,1
2020/04/27 9:13:25 am CET,1
2020/04/27 9:38:54 am CET,1
2020/04/27 9:42:15 am CET,1
2020/04/27 9:42:27 am CET,1
2020/04/27 9:58:08 am CET,1
2020/04/27 10:09:36 am CET,1
2020/04/27 10:23:35 am CET,1
2020/04/27 10:30:13 am CET,1
2020/04/27 10:36:58 am CET,1
2020/04/27 10:46:10 am CET,1
2020/04/27 11:30:11 am CET,1
2020/04/27 10:47:45 am CET,1
2020/04/27 10:55:20 am CET,1
2020/04/27 10:56:42 am CET,1
2020/04/27 11:00:12 am CET,1
2020/04/27 11:02:36 am CET,1
2020/04/27 11:02:40 am CET,1
2020/04/27 11:04:01 am CET,1
2020/04/27 11:17:31 am CET,1
2020/04/27 11:18:12 am CET,1
2020/04/27 11:22:00 am CET,1
2020/04/27 11:27:38 am CET,1
2020/04/27 11:28:53 am CET,1
2020/05/01 10:42:42 am CET,1
2020/05/01 10:57:51 am CET,1
2020/05/01 11:08:56 am CET,1
2020/05/11 12:13:17 pm CET,1
2020/05/11 9:57:14 am CET,1
2020/05/11 10:10:48 am CET,1
2020/05/11 10:11:18 am CET,1
2020/05/11 10:46:22 am CET,1
2020/05/11 11:15:33 am CET,1
2020/05/11 11:24:18 am CET,1
2020/05/11 11:26:01 am CET,1
2020/05/11 11:29:33 am CET,1
2020/05/11 11:31:45 am CET,1
2020/05/11 11:34:14 am CET,1
2020/05/11 11:49:23 am CET,1
2020/05/11 11:54:38 am CET,1
2020/05/11 12:15:29 pm CET,1
2020/05/11 8:43:59 am CET,1
2020/05/11 1:14:31 pm CET,1
2020/05/11 1:45:41 pm CET,1
2020/05/11 2:27:07 pm CET,1
2020/05/11 2:41:21 pm CET,1
2020/05/11 2:52:49 pm CET,1
2020/05/11 3:07:19 pm CET,1
2020/05/11 5:16:52 pm CET,1
2020/05/11 5:35:18 pm CET,1
2020/05/11 8:47:16 pm CET,1
2020/05/12 9:34:44 am CET,1
2020/05/12 10:03:47 am CET,1
2020/05/12 10:18:58 am CET,1
2020/05/11 9:37:38 am CET,1
2020/05/09 8:00:25 pm CET,1
2020/05/12 11:36:43 am CET,1
2020/05/07 4:04:09 pm CET,1
2020/05/07 9:24:07 am CET,1
2020/05/07 9:40:56 am CET,1
2020/05/07 10:01:39 am CET,1
2020/05/07 10:10:00 am CET,1
2020/05/07 10:45:02 am CET,1
2020/05/07 11:13:09 am CET,1
2020/05/07 11:21:13 am CET,1
2020/05/07 11:31:51 am CET,1
2020/05/07 12:09:21 pm CET,1
2020/05/07 12:53:33 pm CET,1
2020/05/07 2:06:24 pm CET,1
2020/05/07 3:38:47 pm CET,1
2020/05/07 4:20:57 pm CET,1
2020/05/09 2:40:12 pm CET,1
2020/05/07 5:54:22 pm CET,1
2020/05/07 7:26:30 pm CET,1
2020/05/07 8:20:20 pm CET,1
2020/05/07 8:38:16 pm CET,1
2020/05/07 8:45:07 pm CET,1
2020/05/07 8:45:09 pm CET,1
2020/05/07 9:36:02 pm CET,1
2020/05/07 10:57:31 pm CET,1
2020/05/08 12:24:29 pm CET,1
2020/05/08 12:36:55 pm CET,1
2020/05/08 9:13:59 pm CET,1
2020/05/09 11:36:26 am CET,1
2020/05/12 11:08:57 am CET,1
2020/05/12 11:47:42 am CET,1
2020/05/01 11:22:29 am CET,1
2020/05/13 5:05:16 pm CET,1
2020/05/13 10:29:16 am CET,1
2020/05/13 11:09:12 am CET,1
2020/05/13 12:26:43 pm CET,1
2020/05/13 12:38:28 pm CET,1
2020/05/13 12:55:39 pm CET,1
2020/05/13 12:59:42 pm CET,1
2020/05/13 1:10:37 pm CET,1
2020/05/13 1:38:25 pm CET,1
2020/05/13 2:14:51 pm CET,1
2020/05/13 3:28:56 pm CET,1
2020/05/13 3:30:25 pm CET,1
2020/05/13 4:13:26 pm CET,1
2020/05/13 6:25:39 pm CET,1
2020/05/13 9:58:39 am CET,1
2020/05/13 6:29:14 pm CET,1
2020/05/13 9:03:05 pm CET,1
2020/05/13 9:04:06 pm CET,1
2020/05/13 9:07:45 pm CET,1
2020/05/13 10:19:14 pm CET,1
2020/05/14 9:53:36 am CET,1
2020/05/14 10:20:03 am CET,1
2020/05/14 11:43:45 am CET,1
2020/05/14 11:44:18 am CET,1
2020/05/14 11:48:08 am CET,1
2020/05/14 11:50:07 am CET,1
2020/05/14 11:58:01 am CET,1
2020/05/13 10:02:04 am CET,1
2020/05/13 9:55:58 am CET,1
2020/05/12 11:54:43 am CET,1
2020/05/12 3:29:31 pm CET,1
2020/05/12 11:54:49 am CET,1
2020/05/12 12:01:27 pm CET,1
2020/05/12 12:31:53 pm CET,1
2020/05/12 12:41:48 pm CET,1
2020/05/12 12:54:31 pm CET,1
2020/05/12 12:56:18 pm CET,1
2020/05/12 1:25:11 pm CET,1
2020/05/12 1:26:23 pm CET,1
2020/05/12 1:35:43 pm CET,1
2020/05/12 1:55:18 pm CET,1
2020/05/12 3:01:46 pm CET,1
2020/05/12 3:02:49 pm CET,1
2020/05/12 3:55:29 pm CET,1
2020/05/13 9:50:39 am CET,1
2020/05/12 4:20:50 pm CET,1
2020/05/12 4:57:21 pm CET,1
2020/05/12 5:00:56 pm CET,1
2020/05/12 5:57:06 pm CET,1
2020/05/12 6:16:28 pm CET,1
2020/05/12 7:28:07 pm CET,1
2020/05/13 8:31:05 am CET,1
2020/05/13 8:38:30 am CET,1
2020/05/13 9:10:53 am CET,1
2020/05/13 9:32:18 am CET,1
2020/05/13 9:42:51 am CET,1
2020/05/13 9:49:38 am CET,1
2020/05/07 9:17:10 am CET,1
2020/05/07 9:01:06 am CET,1
2020/05/06 6:29:32 pm CET,1
2020/05/03 9:58:14 pm CET,1
2020/05/02 1:21:43 pm CET,1
2020/05/02 1:39:34 pm CET,1
2020/05/02 2:17:38 pm CET,1
2020/05/02 2:22:34 pm CET,1
2020/05/02 4:19:56 pm CET,1
2020/05/02 7:05:51 pm CET,1
2020/05/02 8:39:20 pm CET,1
2020/05/03 2:32:46 pm CET,1
2020/05/03 5:15:15 pm CET,1
2020/05/03 5:32:09 pm CET,1
2020/05/03 8:10:13 pm CET,1
2020/05/03 8:26:07 pm CET,1
2020/05/04 10:04:43 am CET,1
2020/05/02 9:57:20 am CET,1
2020/05/04 10:45:34 am CET,1
2020/05/04 11:16:29 am CET,1
2020/05/04 11:25:43 am CET,1
2020/05/04 11:27:55 am CET,1
2020/05/04 11:29:26 am CET,1
2020/05/04 11:29:39 am CET,1
2020/05/04 11:44:47 am CET,1
2020/05/04 11:51:06 am CET,1
2020/05/04 11:51:22 am CET,1
2020/05/04 11:58:26 am CET,1
2020/05/04 1:03:55 pm CET,1
2020/05/04 1:14:28 pm CET,1
2020/05/02 10:44:55 am CET,1
2020/05/02 8:16:34 am CET,1
2020/05/06 4:41:26 pm CET,1
2020/05/01 2:07:04 pm CET,1
2020/05/01 11:43:02 am CET,1
2020/05/01 11:48:35 am CET,1
2020/05/01 11:54:39 am CET,1
2020/05/01 12:11:26 pm CET,1
2020/05/01 12:12:39 pm CET,1
2020/05/01 12:23:14 pm CET,1
2020/05/01 12:32:16 pm CET,1
2020/05/01 12:38:09 pm CET,1
2020/05/01 12:48:18 pm CET,1
2020/05/01 12:54:03 pm CET,1
2020/05/01 1:27:25 pm CET,1
2020/05/01 1:58:25 pm CET,1
2020/05/01 2:12:47 pm CET,1
2020/05/01 10:28:02 pm CET,1
2020/05/01 2:34:51 pm CET,1
2020/05/01 2:35:14 pm CET,1
2020/05/01 2:43:23 pm CET,1
2020/05/01 2:55:01 pm CET,1
2020/05/01 3:01:05 pm CET,1
2020/05/01 3:34:07 pm CET,1
2020/05/01 3:39:24 pm CET,1
2020/05/01 3:55:32 pm CET,1
2020/05/01 4:17:28 pm CET,1
2020/05/01 5:30:13 pm CET,1
2020/05/01 6:08:00 pm CET,1
2020/05/01 7:01:31 pm CET,1
2020/05/04 1:23:41 pm CET,1
2020/05/04 2:31:13 pm CET,1
2020/05/04 2:35:08 pm CET,1
2020/05/05 6:40:23 pm CET,1
2020/05/05 3:25:28 pm CET,1
2020/05/05 3:51:11 pm CET,1
2020/05/05 3:56:13 pm CET,1
2020/05/05 3:56:15 pm CET,1
2020/05/05 4:11:15 pm CET,1
2020/05/05 4:33:27 pm CET,1
2020/05/05 4:55:12 pm CET,1
2020/05/05 5:15:35 pm CET,1
2020/05/05 5:17:42 pm CET,1
2020/05/05 5:26:26 pm CET,1
2020/05/05 5:59:59 pm CET,1
2020/05/05 6:26:17 pm CET,1
2020/05/05 6:49:55 pm CET,1
2020/05/04 3:42:57 pm CET,1
2020/05/05 6:50:30 pm CET,1
2020/05/05 6:51:09 pm CET,1
2020/05/05 7:43:47 pm CET,1
2020/05/05 10:10:41 pm CET,1
2020/05/05 10:32:00 pm CET,1
2020/05/06 10:23:59 am CET,1
2020/05/06 10:30:11 am CET,1
2020/05/06 10:30:38 am CET,1
2020/05/06 10:49:54 am CET,1
2020/05/06 12:33:31 pm CET,1
2020/05/06 3:45:46 pm CET,1
2020/05/06 4:00:54 pm CET,1
2020/05/05 3:11:37 pm CET,1
2020/05/05 3:02:59 pm CET,1
2020/05/05 3:02:16 pm CET,1
2020/05/05 2:59:14 pm CET,1
2020/05/04 4:41:00 pm CET,1
2020/05/04 5:12:28 pm CET,1
2020/05/04 5:15:15 pm CET,1
2020/05/04 5:22:26 pm CET,1
2020/05/04 6:41:03 pm CET,1
2020/05/04 7:19:56 pm CET,1
2020/05/05 12:01:38 am CET,1
2020/05/05 8:51:17 am CET,1
2020/05/05 10:06:48 am CET,1
2020/05/05 10:09:55 am CET,1
2020/05/05 10:20:51 am CET,1
2020/05/05 10:41:08 am CET,1
2020/05/05 10:55:55 am CET,1
2020/05/05 11:11:43 am CET,1
2020/05/05 12:02:30 pm CET,1
2020/05/05 1:25:40 pm CET,1
2020/05/05 1:28:38 pm CET,1
2020/05/05 1:34:12 pm CET,1
2020/05/05 1:36:57 pm CET,1
2020/05/05 1:43:33 pm CET,1
2020/05/05 1:49:16 pm CET,1
2020/05/05 1:55:45 pm CET,1
2020/05/05 1:59:39 pm CET,1
2020/05/05 2:55:13 pm CET,1
2020/05/05 2:57:34 pm CET,1
2020/06/08 9:49:43 pm CET,1
